https://www.washington.edu/students/timeschd/SPR2023/,
,
Name,Links
Home,http://uw.edu/
Home,http://registrar.washington.edu/
Student Guide,http://www.washington.edu/students/
Time Schedule,http://www.washington.edu/students/timeschd/
Registration,http://www.washington.edu/students/reg/
Academic Calendar,http://www.washington.edu/students/reg/calendar.html
Course Catalog,http://www.washington.edu/students/crscat/
Time Schedule,http://washington.edu/students/timeschd/
Bothell Time Schedule,https://www.uwb.edu/registration/time
Seattle Time Schedule,https://www.washington.edu/students/timeschd/
Tacoma Time Schedule,https://www.washington.edu/students/timeschd/T/
UW PCE Time Schedule,https://www.washington.edu/students/timeschd/95index.html
Registration Resources,http://www.washington.edu/students/reg/regres.html
Architecture and Urban Planning,https://www.washington.edu/students/timeschd/SPR2023/#AUP
Arts & Sciences,https://www.washington.edu/students/timeschd/SPR2023/#AS
Built Environments,https://www.washington.edu/students/timeschd/SPR2023/#AUP
Business Administration,https://www.washington.edu/students/timeschd/SPR2023/#B
Dentistry,https://www.washington.edu/students/timeschd/SPR2023/#D
Education,https://www.washington.edu/students/timeschd/SPR2023/#ED
Engineering,https://www.washington.edu/students/timeschd/SPR2023/#ENG
Environment,https://www.washington.edu/students/timeschd/SPR2023/#ENV
The Information School,https://www.washington.edu/students/timeschd/SPR2023/#LIS
Interdisciplinary Graduate Program,https://www.washington.edu/students/timeschd/SPR2023/#IGP
Interschool & Intercollege Program,https://www.washington.edu/students/timeschd/SPR2023/#IIP
Law,https://www.washington.edu/students/timeschd/SPR2023/#LAW
Medicine,https://www.washington.edu/students/timeschd/SPR2023/#M
Nursing,https://www.washington.edu/students/timeschd/SPR2023/#N
Ocean & Fishery Science,https://www.washington.edu/students/timeschd/SPR2023/#O
Pharmacy,https://www.washington.edu/students/timeschd/SPR2023/#P
Public Policy and Governance,https://www.washington.edu/students/timeschd/SPR2023/#GSPA
Public Health,https://www.washington.edu/students/timeschd/SPR2023/#PHCM
ROTC,https://www.washington.edu/students/timeschd/SPR2023/#ROTC
Social Work,https://www.washington.edu/students/timeschd/SPR2023/#SW
Undergrad Interdisciplinary Program,https://www.washington.edu/students/timeschd/SPR2023/#UIP
,
Arctic Studies (ARCTIC),https://www.washington.edu/students/timeschd/SPR2023/arctic.html
Honors (HONORS),https://www.washington.edu/students/timeschd/SPR2023/hnrs.html
Leadership (LEAD),https://www.washington.edu/students/timeschd/SPR2023/lead.html
College of the Environment,https://www.washington.edu/students/timeschd/SPR2023/#ENV
College of the Environment,https://www.washington.edu/students/timeschd/SPR2023/#ENV
University Academy (ACADEM),https://www.washington.edu/students/timeschd/SPR2023/academ.html
College of Built Environments,https://www.washington.edu/students/timeschd/SPR2023/#AUP
,
Jackson School of International Studies,https://www.washington.edu/students/timeschd/SPR2023/#JSIS
Afro-American Studies (AFRAM),https://www.washington.edu/students/timeschd/SPR2023/afamst.html
American Ethnic Studies (AES),https://www.washington.edu/students/timeschd/SPR2023/aes.html
Asian-American Studies (AAS),https://www.washington.edu/students/timeschd/SPR2023/asamst.html
Chicano Studies (CHSTU),https://www.washington.edu/students/timeschd/SPR2023/chist.html
Swahili (SWA),https://www.washington.edu/students/timeschd/SPR2023/swa.html
Tagalog (TAGLG),https://www.washington.edu/students/timeschd/SPR2023/taglg.html
American Indian Studies (AIS),https://www.washington.edu/students/timeschd/SPR2023/ais.html
Anthropology (ANTH),https://www.washington.edu/students/timeschd/SPR2023/anthro.html
Archaeology (ARCHY),https://www.washington.edu/students/timeschd/SPR2023/archeo.html
Biological Anthropology (BIO A),https://www.washington.edu/students/timeschd/SPR2023/bioanth.html
Applied Mathematics (AMATH),https://www.washington.edu/students/timeschd/SPR2023/appmath.html
Computational Finance and Risk Management (CFRM),https://www.washington.edu/students/timeschd/SPR2023/cfrm.html
Art (ART),https://www.washington.edu/students/timeschd/SPR2023/art.html
Art History (ART H),https://www.washington.edu/students/timeschd/SPR2023/arthis.html
Design (DESIGN),https://www.washington.edu/students/timeschd/SPR2023/design.html
Arts and Sciences (ARTSCI),https://www.washington.edu/students/timeschd/SPR2023/artsci.html
Arts Program (ARTS),https://www.washington.edu/students/timeschd/SPR2023/arts.html
Asian Languages and Literature (ASIAN),https://www.washington.edu/students/timeschd/SPR2023/asianll.html
Bengali (BENG),https://www.washington.edu/students/timeschd/SPR2023/beng.html
Chinese (CHIN),https://www.washington.edu/students/timeschd/SPR2023/chinese.html
Hindi (HINDI),https://www.washington.edu/students/timeschd/SPR2023/hindi.html
Indian (INDN),https://www.washington.edu/students/timeschd/SPR2023/indian.html
Indonesian (INDO),https://www.washington.edu/students/timeschd/SPR2023/indo.html
Japanese (JAPAN),https://www.washington.edu/students/timeschd/SPR2023/japanese.html
Korean (KOREAN),https://www.washington.edu/students/timeschd/SPR2023/korean.html
Sanskrit (SNKRT),https://www.washington.edu/students/timeschd/SPR2023/sanskrit.html
South Asian (S ASIA),https://www.washington.edu/students/timeschd/SPR2023/sasian.html
Urdu (URDU),https://www.washington.edu/students/timeschd/SPR2023/urdu.html
Vietnamese (VIET),https://www.washington.edu/students/timeschd/SPR2023/viet.html
Astronomy (ASTR),https://www.washington.edu/students/timeschd/SPR2023/astro.html
Astrobiology (ASTBIO),https://www.washington.edu/students/timeschd/SPR2023/astbio.html
College of the Environment,https://www.washington.edu/students/timeschd/SPR2023/#ENV
Biology (BIOL),https://www.washington.edu/students/timeschd/SPR2023/biology.html
Biology (BIOL),https://www.washington.edu/students/timeschd/SPR2023/biology.html
Jackson School of International Studies,https://www.washington.edu/students/timeschd/SPR2023/#JSIS
Center for Statistics and Social Sciences (CS&SS),https://www.washington.edu/students/timeschd/SPR2023/cs&ss.html
Center for Studies in Demography and Ecology (CSDE),https://www.washington.edu/students/timeschd/SPR2023/csde.html
Center for the Humanities (HUM),https://www.washington.edu/students/timeschd/SPR2023/centhum.html
Chemistry (CHEM),https://www.washington.edu/students/timeschd/SPR2023/chem.html
Jackson School of International Studies,https://www.washington.edu/students/timeschd/SPR2023/#JSIS
Cinema and Media Studies (CMS),https://www.washington.edu/students/timeschd/SPR2023/cms.html
Comparative Literature (C LIT),https://www.washington.edu/students/timeschd/SPR2023/complit.html
Classical Archaeology (CL AR),https://www.washington.edu/students/timeschd/SPR2023/clarch.html
Classical Linguistics (CL LI),https://www.washington.edu/students/timeschd/SPR2023/cling.html
Classics (CLAS),https://www.washington.edu/students/timeschd/SPR2023/clas.html
Greek (GREEK),https://www.washington.edu/students/timeschd/SPR2023/greek.html
Latin (LATIN),https://www.washington.edu/students/timeschd/SPR2023/latin.html
Communication (COM),https://www.washington.edu/students/timeschd/SPR2023/com.html
Communication Leadership (COMMLD),https://www.washington.edu/students/timeschd/SPR2023/commld.html
Comparative History of Ideas (CHID),https://www.washington.edu/students/timeschd/SPR2023/chid.html
Jackson School of International Studies -- Comparative Religion (RELIG),https://www.washington.edu/students/timeschd/SPR2023/religion.html
-- see Computer Science and Engineering,https://www.washington.edu/students/timeschd/SPR2023/cse.html
Dance (DANCE),https://www.washington.edu/students/timeschd/SPR2023/dance.html
Digital Arts and Experimental Media (DXARTS),https://www.washington.edu/students/timeschd/SPR2023/dxarts.html
Disability Studies (DIS ST),https://www.washington.edu/students/timeschd/SPR2023/disst.html
Drama (DRAMA),https://www.washington.edu/students/timeschd/SPR2023/drama.html
College of the Environment,https://www.washington.edu/students/timeschd/SPR2023/#ENV
Economics (ECON),https://www.washington.edu/students/timeschd/SPR2023/econ.html
English (ENGL),https://www.washington.edu/students/timeschd/SPR2023/engl.html
Jackson School of International Studies,https://www.washington.edu/students/timeschd/SPR2023/#JSIS
French and Italian Studies,
French (FRENCH),https://www.washington.edu/students/timeschd/SPR2023/french.html
Italian (ITAL),https://www.washington.edu/students/timeschd/SPR2023/italian.html
Textual and Digital Studies (TXTDS),https://www.washington.edu/students/timeschd/SPR2023/txtds.html
"Gender, Women, and Sexuality Studies (GWSS)",https://www.washington.edu/students/timeschd/SPR2023/gwss.html
General Studies (GEN ST),https://www.washington.edu/students/timeschd/SPR2023/genst.html
General Interdisciplinary Studies (GIS),https://www.washington.edu/students/timeschd/SPR2023/gis.html
Individualized Studies (INDIV),https://www.washington.edu/students/timeschd/SPR2023/indiv.html
Genome Sciences,https://www.washington.edu/students/timeschd/SPR2023/genome.html
Geography (GEOG),https://www.washington.edu/students/timeschd/SPR2023/geog.html
German Studies (GERMAN),https://www.washington.edu/students/timeschd/SPR2023/germ.html
Greek (Modern) -- see International Studies (Language) (JSIS E),https://www.washington.edu/students/timeschd/SPR2023/jsise.html
Jackson School of International Studies,https://www.washington.edu/students/timeschd/SPR2023/#JSIS
Ancient and Medieval History (HSTAM),https://www.washington.edu/students/timeschd/SPR2023/ancmedh.html
Comparative and Transregional History (HSTCMP),https://www.washington.edu/students/timeschd/SPR2023/hstcmp.html
History of Africa and the Middle East (HSTAFM),https://www.washington.edu/students/timeschd/SPR2023/hstafm.html
History of Asia (HSTAS),https://www.washington.edu/students/timeschd/SPR2023/histasia.html
History of Latin America and the Caribbean (HSTLAC),https://www.washington.edu/students/timeschd/SPR2023/hstlac.html
History of Modern Europe (HSTEU),https://www.washington.edu/students/timeschd/SPR2023/modeuro.html
History of North America (United States and Canada (HSTAA),https://www.washington.edu/students/timeschd/SPR2023/histam.html
History Seminars and Independent Studies (HSTRY),https://www.washington.edu/students/timeschd/SPR2023/hstry.html
Philosophy,https://www.washington.edu/students/timeschd/SPR2023/#PHIL
Undergraduate Interdisciplinary Programs,https://www.washington.edu/students/timeschd/SPR2023/#UIP
Humanities -- Center for the Humanities (HUM),https://www.washington.edu/students/timeschd/SPR2023/centhum.html
Integrated Sciences (INTSCI),https://www.washington.edu/students/timeschd/SPR2023/intsci.html
Jackson School of International Studies,
Comparative Religion (RELIG),https://www.washington.edu/students/timeschd/SPR2023/religion.html
International Studies Core and Gateway Courses (JSIS),https://www.washington.edu/students/timeschd/SPR2023/jsis.html
International Studies Area Studies (JSIS A),https://www.washington.edu/students/timeschd/SPR2023/jsisa.html
International Studies Global/Thematic Courses (JSIS B),https://www.washington.edu/students/timeschd/SPR2023/jsisb.html
International Studies Comparative Religion and Jewish Studies Courses (JSIS C),https://www.washington.edu/students/timeschd/SPR2023/jsisc.html
International Studies (JSIS D),https://www.washington.edu/students/timeschd/SPR2023/jsisd.html
International Studies Language Courses (JSIS E),https://www.washington.edu/students/timeschd/SPR2023/jsise.html
Jewish Studies (JEW ST),https://www.washington.edu/students/timeschd/SPR2023/jewst.html
Jackson School of International Studies,https://www.washington.edu/students/timeschd/SPR2023/#JSIS
Jackson School of International Studies),https://www.washington.edu/students/timeschd/SPR2023/jewst.html
Jackson School of International Studies,https://www.washington.edu/students/timeschd/SPR2023/#JSIS
Labor Studies (LABOR),https://www.washington.edu/students/timeschd/SPR2023/labor.html
Jackson School of International Studies,https://www.washington.edu/students/timeschd/SPR2023/#JSIS
"Law, Societies, and Justice (LSJ)",https://www.washington.edu/students/timeschd/SPR2023/lsj.html
American Sign Language (ASL),https://www.washington.edu/students/timeschd/SPR2023/asl.html
Linguistics (LING),https://www.washington.edu/students/timeschd/SPR2023/ling.html
Literature (LIT),https://www.washington.edu/students/timeschd/SPR2023/lit.html
Mathematics (MATH),https://www.washington.edu/students/timeschd/SPR2023/math.html
Arabic (ARAB),https://www.washington.edu/students/timeschd/SPR2023/arabic.html
Aramaic (ARAMIC),https://www.washington.edu/students/timeschd/SPR2023/aramic.html
Coptic (COPTIC),https://www.washington.edu/students/timeschd/SPR2023/coptic.html
Egyptian (EGYPT),https://www.washington.edu/students/timeschd/SPR2023/egypt.html
Ge'ez (GEEZ),https://www.washington.edu/students/timeschd/SPR2023/geez.html
Hebrew (HEBR),https://www.washington.edu/students/timeschd/SPR2023/hebrew.html
Biblical Hebrew (BIBHEB),https://www.washington.edu/students/timeschd/SPR2023/bibheb.html
Modern Hebrew (MODHEB),https://www.washington.edu/students/timeschd/SPR2023/modheb.html
Near Eastern Languages and Civilization (NEAR E),https://www.washington.edu/students/timeschd/SPR2023/neareast.html
Persian (PRSAN),https://www.washington.edu/students/timeschd/SPR2023/persian.html
Turkic (TURKIC),https://www.washington.edu/students/timeschd/SPR2023/turkc.html
Chagatai (CHGTAI),https://www.washington.edu/students/timeschd/SPR2023/chgtai.html
Kazakh (KAZAKH),https://www.washington.edu/students/timeschd/SPR2023/kazakh.html
Kyrgyz (KYRGYZ),https://www.washington.edu/students/timeschd/SPR2023/kyrgyz.html
Uygur (UYGUR),https://www.washington.edu/students/timeschd/SPR2023/uygur.html
Uzbek (UZBEK),https://www.washington.edu/students/timeschd/SPR2023/uzbek.html
Turkish (TKISH),https://www.washington.edu/students/timeschd/SPR2023/turkish.html
Ugaritic (UGARIT),https://www.washington.edu/students/timeschd/SPR2023/ugarit.html
Music (MUSIC),https://www.washington.edu/students/timeschd/SPR2023/music.html
Music - Applied (MUSAP),https://www.washington.edu/students/timeschd/SPR2023/appmus.html
Music Education (MUSED),https://www.washington.edu/students/timeschd/SPR2023/mused.html
Music Ensemble (MUSEN),https://www.washington.edu/students/timeschd/SPR2023/musensem.html
Music History (MUHST),https://www.washington.edu/students/timeschd/SPR2023/mushist.html
Music Performance (MUSICP),https://www.washington.edu/students/timeschd/SPR2023/musicp.html
Neurobiology (NBIO),https://www.washington.edu/students/timeschd/SPR2023/nbio.html
Neuroscience (NEUSCI),https://www.washington.edu/students/timeschd/SPR2023/neusci.html
Philosophy,
Ethics (ETHICS),https://www.washington.edu/students/timeschd/SPR2023/ethics.html
History and Philosophy of Science (HPS),https://www.washington.edu/students/timeschd/SPR2023/hps.html
Philosophy (PHIL),https://www.washington.edu/students/timeschd/SPR2023/phil.html
Physics (PHYS),https://www.washington.edu/students/timeschd/SPR2023/phys.html
Political Science (POL S),https://www.washington.edu/students/timeschd/SPR2023/polisci.html
Applied Child and Adolescent Psychology (PSYCAP),https://www.washington.edu/students/timeschd/SPR2023/95psycap.html
Clinical Psychology (PSYCLN),https://www.washington.edu/students/timeschd/SPR2023/psycln.html
Psychology (PSYCH),https://www.washington.edu/students/timeschd/SPR2023/psych.html
French and Italian Studies,https://www.washington.edu/students/timeschd/SPR2023/#FRIT
Spanish and Portuguese Studies,https://www.washington.edu/students/timeschd/SPR2023/#SPS
Jackson School of International Studies,https://www.washington.edu/students/timeschd/SPR2023/#JSIS
Danish (DANISH),https://www.washington.edu/students/timeschd/SPR2023/danish.html
Estonian (ESTO),https://www.washington.edu/students/timeschd/SPR2023/eston.html
Finnish (FINN),https://www.washington.edu/students/timeschd/SPR2023/finnish.html
Icelandic (ICEL),https://www.washington.edu/students/timeschd/SPR2023/icel.html
Latvian (LATV),https://www.washington.edu/students/timeschd/SPR2023/latvian.html
Lithuanian (LITH),https://www.washington.edu/students/timeschd/SPR2023/lith.html
Norwegian (NORW),https://www.washington.edu/students/timeschd/SPR2023/norweg.html
Scandinavian (SCAND),https://www.washington.edu/students/timeschd/SPR2023/scand.html
Swedish (SWED),https://www.washington.edu/students/timeschd/SPR2023/swedish.html
Bosnian/Croatian/Montenegrin/Serbian (BCMS),https://www.washington.edu/students/timeschd/SPR2023/bcms.html
Bulgarian (BULGR),https://www.washington.edu/students/timeschd/SPR2023/bulgar.html
Czech (CZECH),https://www.washington.edu/students/timeschd/SPR2023/czech.html
Georgian (GEORG),https://www.washington.edu/students/timeschd/SPR2023/georg.html
Global Literary Studies (GLITS),https://www.washington.edu/students/timeschd/SPR2023/glits.html
Polish (POLSH),https://www.washington.edu/students/timeschd/SPR2023/polish.html
Romanian (Slavic) (ROMN),https://www.washington.edu/students/timeschd/SPR2023/romanian.html
Russian (RUSS),https://www.washington.edu/students/timeschd/SPR2023/russian.html
Slavic Languages and Literatures (SLAVIC),https://www.washington.edu/students/timeschd/SPR2023/slavic.html
Slovenian (SLVN),https://www.washington.edu/students/timeschd/SPR2023/slvn.html
Ukrainian (UKR),https://www.washington.edu/students/timeschd/SPR2023/ukrain.html
Social Sciences (SOCSCI),https://www.washington.edu/students/timeschd/SPR2023/socsci.html
Sociology (SOC),https://www.washington.edu/students/timeschd/SPR2023/soc.html
Jackson School of International Studies,https://www.washington.edu/students/timeschd/SPR2023/#JSIS
Jackson School of International Studies,https://www.washington.edu/students/timeschd/SPR2023/#JSIS
Spanish and Portuguese Studies,
Portuguese (PORT),https://www.washington.edu/students/timeschd/SPR2023/port.html
Spanish (SPAN),https://www.washington.edu/students/timeschd/SPR2023/spanish.html
Spanish Linguistics (SPLING),https://www.washington.edu/students/timeschd/SPR2023/spanlin.html
Speech and Hearing Sciences (SPHSC),https://www.washington.edu/students/timeschd/SPR2023/sphsc.html
Statistics (STAT),https://www.washington.edu/students/timeschd/SPR2023/stat.html
"see Gender, Women and Sexuality Studies",https://www.washington.edu/students/timeschd/SPR2023/gwss.html
Biology (BIOL),https://www.washington.edu/students/timeschd/SPR2023/biology.html
,
Architecture (ARCH),https://www.washington.edu/students/timeschd/SPR2023/archit.html
Built Environment (B E),https://www.washington.edu/students/timeschd/SPR2023/be.html
Construction Management (CM),https://www.washington.edu/students/timeschd/SPR2023/constmgmt.html
Landscape Architecture (L ARCH),https://www.washington.edu/students/timeschd/SPR2023/landscape.html
Real Estate (R E),https://www.washington.edu/students/timeschd/SPR2023/re.html
"Community, Environment, and Planning (CEP)",https://www.washington.edu/students/timeschd/SPR2023/commenv.html
Infrastructure Planning and Management (IPM),https://www.washington.edu/students/timeschd/SPR2023/ipm.html
Urban Planning (URBDP),https://www.washington.edu/students/timeschd/SPR2023/urbdes.html
,
Accounting (ACCTG),https://www.washington.edu/students/timeschd/SPR2023/acctg.html
Administration (ADMIN),https://www.washington.edu/students/timeschd/SPR2023/admin.html
Business Administration (B A),https://www.washington.edu/students/timeschd/SPR2023/ba.html
Business Administration Research Methods (BA RM),https://www.washington.edu/students/timeschd/SPR2023/barm.html
Business Analytics (BUS AN),https://www.washington.edu/students/timeschd/SPR2023/busan.html
Business Communications (B CMU),https://www.washington.edu/students/timeschd/SPR2023/buscomm.html
Business Economics (B ECON),https://www.washington.edu/students/timeschd/SPR2023/busecon.html
Business Policy (B POL),https://www.washington.edu/students/timeschd/SPR2023/bpol.html
E-Business (EBIZ),https://www.washington.edu/students/timeschd/SPR2023/ebiz.html
Entrepreneurship (ENTRE),https://www.washington.edu/students/timeschd/SPR2023/entre.html
Finance (FIN),https://www.washington.edu/students/timeschd/SPR2023/finance.html
Human Resources Management and Organizational Behavior (HRMOB),https://www.washington.edu/students/timeschd/SPR2023/hrmob.html
Information Systems (I S),https://www.washington.edu/students/timeschd/SPR2023/infosys.html
Information Systems Master of Science (MSIS),https://www.washington.edu/students/timeschd/SPR2023/msis.html
International Business (I BUS),https://www.washington.edu/students/timeschd/SPR2023/intlbus.html
Management (MGMT),https://www.washington.edu/students/timeschd/SPR2023/mgmt.html
Marketing (MKTG),https://www.washington.edu/students/timeschd/SPR2023/mktg.html
Operations Management (OPMGT),https://www.washington.edu/students/timeschd/SPR2023/opmgmt.html
Organization and Environment (O E),https://www.washington.edu/students/timeschd/SPR2023/orgenv.html
Quantitative Methods (QMETH),https://www.washington.edu/students/timeschd/SPR2023/qmeth.html
Strategic Management (ST MGT),https://www.washington.edu/students/timeschd/SPR2023/stratm.html
Supply Chain Management (SCM),https://www.washington.edu/students/timeschd/SPR2023/scm.html
,
Dental Clerkship (DENTCL),https://www.washington.edu/students/timeschd/SPR2023/dentcl.html
Dental Electives (DENTEL),https://www.washington.edu/students/timeschd/SPR2023/dentel.html
Dental Foundations (DENTFN),https://www.washington.edu/students/timeschd/SPR2023/dentfn.html
Dental General Practice (DENTGP),https://www.washington.edu/students/timeschd/SPR2023/dentgp.html
Dental Hygiene (D HYG),https://www.washington.edu/students/timeschd/SPR2023/denthy.html
Dental Pre-Clinical (DENTPC),https://www.washington.edu/students/timeschd/SPR2023/dentpc.html
Dental Selectives (DENTSL),https://www.washington.edu/students/timeschd/SPR2023/dentsl.html
Dental Public Health Sciences (DPHS),https://www.washington.edu/students/timeschd/SPR2023/dphs.html
Dentistry (DENT),https://www.washington.edu/students/timeschd/SPR2023/dent.html
Endodontics (ENDO),https://www.washington.edu/students/timeschd/SPR2023/endo.html
Oral Biology (ORALB),https://www.washington.edu/students/timeschd/SPR2023/oralbio.html
Oral Health Sciences (OHS),https://www.washington.edu/students/timeschd/SPR2023/ohs.html
Oral Medicine (ORALM),https://www.washington.edu/students/timeschd/SPR2023/oralm.html
Oral Surgery (O S),https://www.washington.edu/students/timeschd/SPR2023/os.html
Orthodontics (ORTHO),https://www.washington.edu/students/timeschd/SPR2023/orthod.html
Pediatric Dentistry (PEDO),https://www.washington.edu/students/timeschd/SPR2023/pedodon.html
Periodontics (PERIO),https://www.washington.edu/students/timeschd/SPR2023/perio.html
Prosthodontics (PROS),https://www.washington.edu/students/timeschd/SPR2023/pros.html
Restorative Dentistry (RES D),https://www.washington.edu/students/timeschd/SPR2023/restor.html
,
Curriculum and Instruction (EDC&I),https://www.washington.edu/students/timeschd/SPR2023/edci.html
College of Education (EDUC),https://www.washington.edu/students/timeschd/SPR2023/indsrf.html
Early Care and Education (ECE),https://www.washington.edu/students/timeschd/SPR2023/ece.html
Early Childhood and Family Studies (ECFS),https://www.washington.edu/students/timeschd/SPR2023/ecfs.html
Education (Teacher Education Program) (EDTEP),https://www.washington.edu/students/timeschd/SPR2023/teached.html
Educational Leadership and Policy Studies (EDLPS),https://www.washington.edu/students/timeschd/SPR2023/edlp.html
Educational Psychology (EDPSY),https://www.washington.edu/students/timeschd/SPR2023/edpsy.html
Special Education (EDSPE),https://www.washington.edu/students/timeschd/SPR2023/sped.html
,
Aeronautics and Astronautics (A A),https://www.washington.edu/students/timeschd/SPR2023/aa.html
Aerospace Engineering (A E),https://www.washington.edu/students/timeschd/SPR2023/ae.html
Chemical Engineering (CHEM E),https://www.washington.edu/students/timeschd/SPR2023/cheng.html
Nanoscience and Molecular Engineering (NME),https://www.washington.edu/students/timeschd/SPR2023/nme.html
Civil and Environmental Engineering (CEE),https://www.washington.edu/students/timeschd/SPR2023/cee.html
"Construction, Energy, and Sustainable Infrastructure (CESI)",https://www.washington.edu/students/timeschd/SPR2023/cesi.html
Environmental Engineering (CEWA),https://www.washington.edu/students/timeschd/SPR2023/cewa.html
Structural and Geotechnical Engineering and Mechanics (CESG),https://www.washington.edu/students/timeschd/SPR2023/cesg.html
Transportation Engineering (CET),https://www.washington.edu/students/timeschd/SPR2023/cet.html
Computer Science and Engineering (CSE),https://www.washington.edu/students/timeschd/SPR2023/cse.html
Computer Science and Engineering Data Science (CSE D),https://www.washington.edu/students/timeschd/SPR2023/csed.html
Electrical and Computer Engineering (E E),https://www.washington.edu/students/timeschd/SPR2023/ee.html
Engineering (ENGR),https://www.washington.edu/students/timeschd/SPR2023/engr.html
Human Centered Design and Engineering (HCDE),https://www.washington.edu/students/timeschd/SPR2023/hcde.html
Industrial Engineering (IND E),https://www.washington.edu/students/timeschd/SPR2023/inde.html
Materials Science and Engineering (MS E),https://www.washington.edu/students/timeschd/SPR2023/mse.html
Mechanical Engineering (M E),https://www.washington.edu/students/timeschd/SPR2023/meche.html
Mechanical Engineering Industrial Engineering (MEIE),https://www.washington.edu/students/timeschd/SPR2023/meie.html
,
Aquatic and Fishery Sciences (FISH),https://www.washington.edu/students/timeschd/SPR2023/fish.html
Atmospheric Sciences (ATM S),https://www.washington.edu/students/timeschd/SPR2023/atmos.html
College of the Environment (C ENV),https://www.washington.edu/students/timeschd/SPR2023/cenv.html
Science Teaching (SCI T),https://www.washington.edu/students/timeschd/SPR2023/scit.html
Earth and Space Sciences (ESS),https://www.washington.edu/students/timeschd/SPR2023/ess.html
Program on the Environment (ENVIR),https://www.washington.edu/students/timeschd/SPR2023/envst.html
Bioresource Science and Engineering (BSE),https://www.washington.edu/students/timeschd/SPR2023/bse.html
Environmental Science and Resource Management (ESRM),https://www.washington.edu/students/timeschd/SPR2023/esrm.html
School of Environmental and Forest Sciences (SEFS),https://www.washington.edu/students/timeschd/SPR2023/sefs.html
Friday Harbor Labs (FHL),https://www.washington.edu/students/timeschd/SPR2023/fhl.html
School of Marine and Environmental Affairs (SMEA),https://www.washington.edu/students/timeschd/SPR2023/smea.html
Marine Biology (MARBIO),https://www.washington.edu/students/timeschd/SPR2023/marbio.html
Oceanography (OCEAN),https://www.washington.edu/students/timeschd/SPR2023/ocean.html
Quantitative Science (Q SCI),https://www.washington.edu/students/timeschd/SPR2023/quantsci.html
Quantitative Ecology and Resource Management (QERM),https://www.washington.edu/students/timeschd/SPR2023/quante.html
Quaternary Sciences (QUAT),https://www.washington.edu/students/timeschd/SPR2023/qrc.html
,
College of the Environment,https://www.washington.edu/students/timeschd/SPR2023/#ENV
,
Informatics (INFO),https://www.washington.edu/students/timeschd/SPR2023/info.html
Information Science (INSC),https://www.washington.edu/students/timeschd/SPR2023/insc.html
Information Management (IMT),https://www.washington.edu/students/timeschd/SPR2023/imt.html
Library and Information Science (LIS),https://www.washington.edu/students/timeschd/SPR2023/lis.html
,
"Biological Physics, Structure, and Design (BPSD)",https://www.washington.edu/students/timeschd/SPR2023/bpsd.html
Data Science (DATA),https://www.washington.edu/students/timeschd/SPR2023/data.html
Graduate School (GRDSCH),https://www.washington.edu/students/timeschd/SPR2023/grad.html
Human-Computer Interaction Design (HCID),https://www.washington.edu/students/timeschd/SPR2023/hcid.html
Human Development and Disability (HDD),https://www.washington.edu/students/timeschd/SPR2023/hdd.html
Individual PhD (IPHD),https://www.washington.edu/students/timeschd/SPR2023/iphd.html
Molecular and Cellular Biology (MCB),https://www.washington.edu/students/timeschd/SPR2023/mcb.html
Molecular Engineering (MOLENG),https://www.washington.edu/students/timeschd/SPR2023/moleng.html
Museology (MUSEUM),https://www.washington.edu/students/timeschd/SPR2023/museo.html
Near and Middle Eastern Studies (N&MES),https://www.washington.edu/students/timeschd/SPR2023/nearmide.html
Neuroscience (NEURO),https://www.washington.edu/students/timeschd/SPR2023/neuro.html
Public Scholarship (PUBSCH),https://www.washington.edu/students/timeschd/SPR2023/pubsch.html
"Science, Technology, and Society Studies (STSS)",https://www.washington.edu/students/timeschd/SPR2023/stss.html
Technology Innovation (TECHIN),https://www.washington.edu/students/timeschd/SPR2023/techin.html
,
Bioengineering (BIOEN),https://www.washington.edu/students/timeschd/SPR2023/bioeng.html
Medical Engineering (MEDENG),https://www.washington.edu/students/timeschd/SPR2023/medeng.html
Pharmaceutical Bioengineering (PHARBE),https://www.washington.edu/students/timeschd/SPR2023/pharbe.html
Global Health (G H),https://www.washington.edu/students/timeschd/SPR2023/gh.html
College of the Environment,https://www.washington.edu/students/timeschd/SPR2023/#ENV
University Conjoint Courses (UCONJ),https://www.washington.edu/students/timeschd/SPR2023/uconjoint.html
,
Law (LAW),https://www.washington.edu/students/timeschd/SPR2023/law.html
Law A (LAW A),https://www.washington.edu/students/timeschd/SPR2023/lawa.html
Law B (LAW B),https://www.washington.edu/students/timeschd/SPR2023/lawb.html
Law C (LAW C),https://www.washington.edu/students/timeschd/SPR2023/lawc.html
Law E (LAW E),https://www.washington.edu/students/timeschd/SPR2023/lawe.html
Law (Health) (LAW H),https://www.washington.edu/students/timeschd/SPR2023/lawh.html
Law (Intellectual Property) (LAW P),https://www.washington.edu/students/timeschd/SPR2023/lawp.html
Law (Taxation) (LAW T),https://www.washington.edu/students/timeschd/SPR2023/lawt.html
,
Anesthesiology (ANEST),https://www.washington.edu/students/timeschd/SPR2023/anest.html
Biochemistry (BIOC),https://www.washington.edu/students/timeschd/SPR2023/bioch.html
Interschool or Intercollege Programs,https://www.washington.edu/students/timeschd/SPR2023/#IIP
Bioethics and Humanities (B H),https://www.washington.edu/students/timeschd/SPR2023/bh.html
Biological Structure (B STR),https://www.washington.edu/students/timeschd/SPR2023/biostruct.html
Biomedical Informatics and Medical Education (BIME),https://www.washington.edu/students/timeschd/SPR2023/bime.html
Comparative Medicine (C MED),https://www.washington.edu/students/timeschd/SPR2023/compmed.html
Conjoint Courses (CONJ),https://www.washington.edu/students/timeschd/SPR2023/conj.html
Family Medicine (FAMED),https://www.washington.edu/students/timeschd/SPR2023/famed.html
Longitudinal Integrated Clerkship (MEDLIC),https://www.washington.edu/students/timeschd/SPR2023/medlic.html
Genome Sciences (GENOME),https://www.washington.edu/students/timeschd/SPR2023/genome.html
Interschool or Intercollege Programs,https://www.washington.edu/students/timeschd/SPR2023/#IIP
Health Metrics Sciences (HMS),https://www.washington.edu/students/timeschd/SPR2023/hms.html
Human Biology (HUBIO),https://www.washington.edu/students/timeschd/SPR2023/humbio.html
Immunology (IMMUN),https://www.washington.edu/students/timeschd/SPR2023/immun.html
Laboratory Medicine (LAB M),https://www.washington.edu/students/timeschd/SPR2023/labmed.html
Pathology (PATH),https://www.washington.edu/students/timeschd/SPR2023/patho.html
Medical Science (MEDSCI),https://www.washington.edu/students/timeschd/SPR2023/medsci.html
Emergency Medicine (MED EM),https://www.washington.edu/students/timeschd/SPR2023/medem.html
Genetic Counseling (GCNSL),https://www.washington.edu/students/timeschd/SPR2023/gcnsl.html
Medicine (MED),https://www.washington.edu/students/timeschd/SPR2023/medicine.html
Medicine Elective Clerkships (MEDECK),https://www.washington.edu/students/timeschd/SPR2023/medeck.html
Medicine Required Clerkships (MEDRCK),https://www.washington.edu/students/timeschd/SPR2023/medrck.html
Microbiology (MICROM),https://www.washington.edu/students/timeschd/SPR2023/microbio.html
Molecular Medicine (MOLMED),https://www.washington.edu/students/timeschd/SPR2023/molmed.html
Neurological Surgery (NEUR S),https://www.washington.edu/students/timeschd/SPR2023/neurosurg.html
Neurology (NEURL),https://www.washington.edu/students/timeschd/SPR2023/neurl.html
Obstetrics and Gynecology (OB GYN),https://www.washington.edu/students/timeschd/SPR2023/obgyn.html
Ophthalmology (OPHTH),https://www.washington.edu/students/timeschd/SPR2023/ophthal.html
Orthopedics (ORTHP),https://www.washington.edu/students/timeschd/SPR2023/orthop.html
Otolaryngology--Head and Neck Surgery (OTOHN),https://www.washington.edu/students/timeschd/SPR2023/otol.html
Pediatrics (PEDS),https://www.washington.edu/students/timeschd/SPR2023/pediat.html
Pharmacology (PHCOL),https://www.washington.edu/students/timeschd/SPR2023/pharma.html
Physiology and Biophysics (P BIO),https://www.washington.edu/students/timeschd/SPR2023/physiolbio.html
Psychiatry and Behavioral Sciences (PBSCI),https://www.washington.edu/students/timeschd/SPR2023/psychbehav.html
Radiation Oncology (R ONC),https://www.washington.edu/students/timeschd/SPR2023/radonc.html
Radiology (RADGY),https://www.washington.edu/students/timeschd/SPR2023/radiol.html
Prosthetics and Orthotics (RHB PO),https://www.washington.edu/students/timeschd/SPR2023/rhbpo.html
Rehabilitation Medicine (REHAB),https://www.washington.edu/students/timeschd/SPR2023/rehab.html
Surgery (SURG),https://www.washington.edu/students/timeschd/SPR2023/surg.html
Urology (UROL),https://www.washington.edu/students/timeschd/SPR2023/uro.html
,
Infant and Early Childhood Mental Health (IECMH),https://www.washington.edu/students/timeschd/SPR2023/iecmh.html
Nursing (NSG),https://www.washington.edu/students/timeschd/SPR2023/nsg.html
Nursing (NURS),https://www.washington.edu/students/timeschd/SPR2023/nursing.html
Nursing Clinical (NCLIN),https://www.washington.edu/students/timeschd/SPR2023/nursingcl.html
Nursing Methods (NMETH),https://www.washington.edu/students/timeschd/SPR2023/nursingmeth.html
,
College of the Environment,https://www.washington.edu/students/timeschd/SPR2023/#ENV
,
Health Economic Outcomes Research (HEOR),https://www.washington.edu/students/timeschd/SPR2023/heor.html
Medicinal Chemistry (MEDCH),https://www.washington.edu/students/timeschd/SPR2023/medchem.html
Pharmaceutics (PCEUT),https://www.washington.edu/students/timeschd/SPR2023/pharmceu.html
Pharmacy (PHARM),https://www.washington.edu/students/timeschd/SPR2023/pharmacy.html
Pharmacy (PHRMCY),https://www.washington.edu/students/timeschd/SPR2023/phrmcy.html
Pharmacy Practice (PHARMP),https://www.washington.edu/students/timeschd/SPR2023/pharmp.html
Pharmacy Practice (PHRMPR),https://www.washington.edu/students/timeschd/SPR2023/phrmpr.html
Pharmacy Regulatory Affairs (PHRMRA),https://www.washington.edu/students/timeschd/SPR2023/phrmra.html
,
Public Policy (PUBPOL),https://www.washington.edu/students/timeschd/SPR2023/pubpol.html
Public Policy and Management (PPM),https://www.washington.edu/students/timeschd/SPR2023/ppm.html
,
Biostatistics (BIOST),https://www.washington.edu/students/timeschd/SPR2023/biostat.html
Environmental Health (ENV H),https://www.washington.edu/students/timeschd/SPR2023/envh.html
Epidemiology (EPI),https://www.washington.edu/students/timeschd/SPR2023/epidem.html
Interschool or Intercollege Programs,https://www.washington.edu/students/timeschd/SPR2023/#IIP
Health Informatics and Health Information (HIHIM),https://www.washington.edu/students/timeschd/SPR2023/95hihim.html
Health Services (HSERV),https://www.washington.edu/students/timeschd/SPR2023/hlthsvcs.html
Health Services Management (HSMGMT),https://www.washington.edu/students/timeschd/SPR2023/hsmgmt.html
Nutritional Science (NUTR),https://www.washington.edu/students/timeschd/SPR2023/nutrit.html
Pathobiology (PABIO),https://www.washington.edu/students/timeschd/SPR2023/pathobio.html
Public Health Genetics (PHG),https://www.washington.edu/students/timeschd/SPR2023/phg.html
Public Health Interdisciplinary (PHI),https://www.washington.edu/students/timeschd/SPR2023/phi.html
School of Public Health (SPH),https://www.washington.edu/students/timeschd/SPR2023/sph.html
,
Aerospace Studies (A S),https://www.washington.edu/students/timeschd/SPR2023/88aerosci.html
Military Science (M SCI),https://www.washington.edu/students/timeschd/SPR2023/88milsci.html
Naval Science (N SCI),https://www.washington.edu/students/timeschd/SPR2023/88navsci.html
,
Social Welfare BASW (SOC WF),https://www.washington.edu/students/timeschd/SPR2023/socwlbasw.html
Social Welfare (SOC WL),https://www.washington.edu/students/timeschd/SPR2023/socwl.html
Social Work (MSW) (SOC W),https://www.washington.edu/students/timeschd/SPR2023/socwk.html
University of Washington,http://uw.edu/
Facebook,http://www.facebook.com/UofWA
Twitter,http://twitter.com/UW
Instagram,http://instagram.com/uofwa
Tumblr,http://uofwa.tumblr.com/
YouTube,http://www.youtube.com/user/uwhuskies
LinkedIn,http://www.linkedin.com/company/university-of-washington
Pinterest,http://www.pinterest.com/uofwa/
Vine,https://vine.co/uofwa
Google+,https://plus.google.com/+universityofwashington/posts
Accessibility,http://www.uw.edu/accessibility
Contact Us,http://uw.edu/home/siteinfo/form
Jobs,http://www.washington.edu/jobs
Campus Safety,http://www.washington.edu/safety
My UW,https://myuw.washington.edu/
Rules Docket,http://www.washington.edu/admin/rules/wac/rulesindex.html
Privacy,http://www.washington.edu/online/privacy
Terms,http://www.washington.edu/online/terms
